API URL,Database,Service Name,Port,Backend Directory,Backend File to Create,HTTP Method,How to Build,Description
/api/auth/login,Oracle,auth-service,8081,services/auth-service,AuthController.java,POST,"mvn clean install -pl services/auth-service","Authenticates user credentials (email + password) against Oracle PASSENGER/DRIVER tables. Returns JWT token, user role (ADMIN/DRIVER/PASSENGER), and profile info."
/api/auth/register,Oracle,auth-service,8081,services/auth-service,AuthController.java,POST,"mvn clean install -pl services/auth-service","Registers a new user (Passenger/Driver/Admin). Inserts into the appropriate Oracle table. Validates email uniqueness, hashes password, returns JWT."
/api/vehicles,Oracle,vehicle-service,8082,services/vehicle-service,VehicleController.java,GET,"mvn clean install -pl services/vehicle-service","Retrieves all vehicles from the Oracle VEHICLE table. Supports optional query params for filtering by status, type."
/api/vehicles,Oracle,vehicle-service,8082,services/vehicle-service,VehicleController.java,POST,"mvn clean install -pl services/vehicle-service","Creates a new vehicle record in Oracle. Calls PL/SQL procedure SP_REGISTER_VEHICLE. Validates registration uniqueness and capacity > 0."
/api/vehicles/{id},Oracle,vehicle-service,8082,services/vehicle-service,VehicleController.java,GET,"mvn clean install -pl services/vehicle-service","Retrieves a single vehicle by vehicleId from Oracle VEHICLE table. Includes assigned driver info via JOIN."
/api/vehicles/{id},Oracle,vehicle-service,8082,services/vehicle-service,VehicleController.java,PUT,"mvn clean install -pl services/vehicle-service","Updates an existing vehicle record. Validates registration uniqueness (excluding self). Updates status, capacity, model, etc."
/api/vehicles/{id},Oracle,vehicle-service,8082,services/vehicle-service,VehicleController.java,DELETE,"mvn clean install -pl services/vehicle-service","Soft-deletes or deactivates a vehicle. Sets status to RETIRED. Checks no active trips are assigned."
/api/vehicles/search?q={query},Oracle,vehicle-service,8082,services/vehicle-service,VehicleController.java,GET,"mvn clean install -pl services/vehicle-service","Searches vehicles by registration number, type, or model. Uses Oracle LIKE queries across multiple columns."
/api/drivers,Oracle,driver-service,8083,services/driver-service,DriverController.java,GET,"mvn clean install -pl services/driver-service","Retrieves all drivers from Oracle DRIVER table. Includes rating and trip count aggregations."
/api/drivers,Oracle,driver-service,8083,services/driver-service,DriverController.java,POST,"mvn clean install -pl services/driver-service","Creates a new driver record. Validates license number uniqueness, email format, phone format."
/api/drivers/{id},Oracle,driver-service,8083,services/driver-service,DriverController.java,GET,"mvn clean install -pl services/driver-service","Retrieves single driver by driverId. Includes assigned vehicle and recent trip history."
/api/drivers/{id},Oracle,driver-service,8083,services/driver-service,DriverController.java,PUT,"mvn clean install -pl services/driver-service","Updates driver profile info (name, phone, license, status)."
/api/drivers/profile,Oracle,driver-service,8083,services/driver-service,DriverController.java,GET,"mvn clean install -pl services/driver-service","Returns the authenticated driver's own profile using JWT-extracted userId."
/api/drivers/profile,Oracle,driver-service,8083,services/driver-service,DriverController.java,PUT,"mvn clean install -pl services/driver-service","Updates the authenticated driver's own profile."
/api/drivers/my-trips,Oracle,driver-service,8083,services/driver-service,DriverController.java,GET,"mvn clean install -pl services/driver-service","Returns all trips assigned to the authenticated driver. Joins TRIP, ROUTE, VEHICLE tables."
/api/drivers/search?q={query},Oracle,driver-service,8083,services/driver-service,DriverController.java,GET,"mvn clean install -pl services/driver-service","Searches drivers by name, license number, or email."
/api/routes,Oracle,route-service,8084,services/route-service,RouteController.java,GET,"mvn clean install -pl services/route-service","Retrieves all routes from Oracle ROUTE table with trip counts."
/api/routes,Oracle,route-service,8084,services/route-service,RouteController.java,POST,"mvn clean install -pl services/route-service","Creates a new route. Validates origin != destination, checks for duplicate routes."
/api/routes/{id},Oracle,route-service,8084,services/route-service,RouteController.java,GET,"mvn clean install -pl services/route-service","Retrieves single route by routeId with associated trip information."
/api/routes/{id},Oracle,route-service,8084,services/route-service,RouteController.java,PUT,"mvn clean install -pl services/route-service","Updates route info (origin, destination, distance, duration, status)."
/api/routes/{id},Oracle,route-service,8084,services/route-service,RouteController.java,DELETE,"mvn clean install -pl services/route-service","Deactivates a route. Sets status to INACTIVE. Checks no active trips reference it."
/api/routes/search?q={query},Oracle,route-service,8084,services/route-service,RouteController.java,GET,"mvn clean install -pl services/route-service","Searches routes by origin, destination, or description."
/api/passengers,Oracle,passenger-service,8085,services/passenger-service,PassengerController.java,GET,"mvn clean install -pl services/passenger-service","Retrieves all passengers from Oracle PASSENGER table. Admin-only endpoint."
/api/passengers/{id},Oracle,passenger-service,8085,services/passenger-service,PassengerController.java,GET,"mvn clean install -pl services/passenger-service","Retrieves single passenger by passengerId with booking count."
/api/passengers/{id},Oracle,passenger-service,8085,services/passenger-service,PassengerController.java,PUT,"mvn clean install -pl services/passenger-service","Updates passenger info. Admin can update any passenger."
/api/passengers/{id},Oracle,passenger-service,8085,services/passenger-service,PassengerController.java,DELETE,"mvn clean install -pl services/passenger-service","Deactivates/suspends a passenger account."
/api/passengers/profile,Oracle,passenger-service,8085,services/passenger-service,PassengerController.java,GET,"mvn clean install -pl services/passenger-service","Returns the authenticated passenger's own profile using JWT-extracted userId."
/api/passengers/profile,Oracle,passenger-service,8085,services/passenger-service,PassengerController.java,PUT,"mvn clean install -pl services/passenger-service","Updates the authenticated passenger's own profile."
/api/passengers/search?q={query},Oracle,passenger-service,8085,services/passenger-service,PassengerController.java,GET,"mvn clean install -pl services/passenger-service","Searches passengers by name, email, or phone."
/api/trips,Oracle,trip-service,8086,services/trip-service,TripController.java,GET,"mvn clean install -pl services/trip-service","Retrieves all trips from Oracle TRIP table with route, vehicle, driver info via JOINs."
/api/trips,Oracle,trip-service,8086,services/trip-service,TripController.java,POST,"mvn clean install -pl services/trip-service","Schedules a new trip. Calls PL/SQL procedure SP_SCHEDULE_TRIP. Validates route/vehicle/driver exist, vehicle and driver available."
/api/trips/{id},Oracle,trip-service,8086,services/trip-service,TripController.java,GET,"mvn clean install -pl services/trip-service","Retrieves single trip by tripId with full details (route, vehicle, driver, seat info)."
/api/trips/{id},Oracle,trip-service,8086,services/trip-service,TripController.java,PUT,"mvn clean install -pl services/trip-service","Updates trip info (date, time, fare, status). Admin/driver endpoint."
/api/trips/{id}/status,Oracle,trip-service,8086,services/trip-service,TripController.java,PATCH,"mvn clean install -pl services/trip-service","Updates only the trip status (SCHEDULED→IN_PROGRESS→COMPLETED or CANCELLED). Driver can update own trips."
/api/trips/search,Oracle,trip-service,8086,services/trip-service,TripController.java,GET,"mvn clean install -pl services/trip-service","Searches trips by origin, destination, date, maxPrice. Public endpoint for passengers to find available trips."
/api/trips/upcoming,Oracle,trip-service,8086,services/trip-service,TripController.java,GET,"mvn clean install -pl services/trip-service","Returns trips scheduled in the near future. Used by passenger dashboard."
/api/bookings,Oracle,booking-service,8087,services/booking-service,BookingController.java,GET,"mvn clean install -pl services/booking-service","Retrieves all bookings from Oracle BOOKING table. Admin-only. Joins PASSENGER, TRIP, ROUTE."
/api/bookings,Oracle,booking-service,8087,services/booking-service,BookingController.java,POST,"mvn clean install -pl services/booking-service","Creates a new booking. Calls PL/SQL procedure SP_CREATE_BOOKING. Checks seat availability, validates passenger/trip, creates booking record."
/api/bookings/{id},Oracle,booking-service,8087,services/booking-service,BookingController.java,GET,"mvn clean install -pl services/booking-service","Retrieves single booking by bookingId with full trip/route/payment details."
/api/bookings/{id}/cancel,Oracle,booking-service,8087,services/booking-service,BookingController.java,PUT,"mvn clean install -pl services/booking-service","Cancels a booking. Calls PL/SQL procedure SP_CANCEL_BOOKING. Updates booking status and releases seats."
/api/bookings/my-bookings,Oracle,booking-service,8087,services/booking-service,BookingController.java,GET,"mvn clean install -pl services/booking-service","Returns all bookings for the authenticated passenger using JWT-extracted userId."
/api/bookings/search?q={query},Oracle,booking-service,8087,services/booking-service,BookingController.java,GET,"mvn clean install -pl services/booking-service","Searches bookings by passenger name, route, or booking status."
/api/payments,Oracle,payment-service,8088,services/payment-service,PaymentController.java,GET,"mvn clean install -pl services/payment-service","Retrieves all payment records. Admin-only. Joins BOOKING, PASSENGER tables."
/api/payments,Oracle,payment-service,8088,services/payment-service,PaymentController.java,POST,"mvn clean install -pl services/payment-service","Processes a payment for a booking. Calls PL/SQL procedure SP_PROCESS_PAYMENT. Updates booking payment status."
/api/payments/{id},Oracle,payment-service,8088,services/payment-service,PaymentController.java,GET,"mvn clean install -pl services/payment-service","Retrieves a single payment record by paymentId."
/api/payments/booking/{bookingId},Oracle,payment-service,8088,services/payment-service,PaymentController.java,GET,"mvn clean install -pl services/payment-service","Retrieves payment record associated with a specific booking."
/api/maintenance,Oracle,maintenance-service,8089,services/maintenance-service,MaintenanceController.java,GET,"mvn clean install -pl services/maintenance-service","Retrieves all maintenance records from Oracle MAINTENANCE table. Joins VEHICLE."
/api/maintenance,Oracle,maintenance-service,8089,services/maintenance-service,MaintenanceController.java,POST,"mvn clean install -pl services/maintenance-service","Records new maintenance entry. Calls PL/SQL procedure SP_RECORD_MAINTENANCE. Links to vehicle."
/api/maintenance/{id},Oracle,maintenance-service,8089,services/maintenance-service,MaintenanceController.java,GET,"mvn clean install -pl services/maintenance-service","Retrieves single maintenance record by maintenanceId."
/api/maintenance/{id},Oracle,maintenance-service,8089,services/maintenance-service,MaintenanceController.java,PUT,"mvn clean install -pl services/maintenance-service","Updates maintenance record (status, cost, description, next date)."
/api/maintenance/due,Oracle,maintenance-service,8089,services/maintenance-service,MaintenanceController.java,GET,"mvn clean install -pl services/maintenance-service","Returns vehicles that are due or overdue for maintenance."
/api/maintenance/search?q={query},Oracle,maintenance-service,8089,services/maintenance-service,MaintenanceController.java,GET,"mvn clean install -pl services/maintenance-service","Searches maintenance records by vehicle registration, type, or technician."
/api/feedback,Oracle,feedback-service,8090,services/feedback-service,FeedbackController.java,GET,"mvn clean install -pl services/feedback-service","Retrieves all feedback from Oracle FEEDBACK table. Joins PASSENGER, ROUTE."
/api/feedback,Oracle,feedback-service,8090,services/feedback-service,FeedbackController.java,POST,"mvn clean install -pl services/feedback-service","Submits new feedback. Validates rating 1-5, links to passenger/route/vehicle/driver."
/api/feedback/{id},Oracle,feedback-service,8090,services/feedback-service,FeedbackController.java,GET,"mvn clean install -pl services/feedback-service","Retrieves single feedback by feedbackId."
/api/feedback/passenger/{passengerId},Oracle,feedback-service,8090,services/feedback-service,FeedbackController.java,GET,"mvn clean install -pl services/feedback-service","Retrieves all feedback submitted by a specific passenger."
/api/feedback/search?q={query},Oracle,feedback-service,8090,services/feedback-service,FeedbackController.java,GET,"mvn clean install -pl services/feedback-service","Searches feedback by comment text, type, or passenger name."
/api/reviews,MongoDB,content-service,8091,services/content-service,ReviewController.java,GET,"mvn clean install -pl services/content-service","Retrieves all reviews from MongoDB reviews collection. Dynamic schema-flexible documents."
/api/reviews,MongoDB,content-service,8091,services/content-service,ReviewController.java,POST,"mvn clean install -pl services/content-service","Submits a new review to MongoDB. Stores rating, comment, routeId, vehicleId, driverId, tags."
/api/reviews/route/{routeId},MongoDB,content-service,8091,services/content-service,ReviewController.java,GET,"mvn clean install -pl services/content-service","MongoDB Query 1: Retrieve all passenger reviews for a specific route. Uses db.reviews.find({routeId: N})."
/api/reviews/top-rated,MongoDB,content-service,8091,services/content-service,ReviewController.java,GET,"mvn clean install -pl services/content-service","MongoDB Query 2: Identify highest-rated vehicles/drivers. Uses aggregation pipeline ($group, $avg, $sort)."
/api/reviews/search?keyword={keyword},MongoDB,content-service,8091,services/content-service,ReviewController.java,GET,"mvn clean install -pl services/content-service","MongoDB Query 3: Search complaints/feedback by keyword. Uses $regex text matching on comment field."
/api/announcements,MongoDB,content-service,8091,services/content-service,AnnouncementController.java,GET,"mvn clean install -pl services/content-service","Retrieves all announcements from MongoDB announcements collection."
/api/announcements,MongoDB,content-service,8091,services/content-service,AnnouncementController.java,POST,"mvn clean install -pl services/content-service","Creates a new announcement. Stores title, message, targetAudience, priority in MongoDB."
/api/announcements/{id},MongoDB,content-service,8091,services/content-service,AnnouncementController.java,PUT,"mvn clean install -pl services/content-service","Updates an existing announcement by MongoDB ObjectId."
/api/announcements/{id},MongoDB,content-service,8091,services/content-service,AnnouncementController.java,DELETE,"mvn clean install -pl services/content-service","Deletes/archives an announcement from MongoDB."
/api/documents/vehicle/{vehicleId},MongoDB,content-service,8091,services/content-service,DocumentController.java,GET,"mvn clean install -pl services/content-service","MongoDB Query 4: Retrieve vehicle documents (insurance, registration, etc.) from vehicle_documents collection."
/api/documents/vehicle/{vehicleId}/images,MongoDB,content-service,8091,services/content-service,DocumentController.java,GET,"mvn clean install -pl services/content-service","Retrieves vehicle images from MongoDB. Links to Oracle vehicleId for hybrid display."
/api/documents/vehicle/{vehicleId},MongoDB,content-service,8091,services/content-service,DocumentController.java,POST,"mvn clean install -pl services/content-service","Uploads a new document for a vehicle. Stores metadata + file reference in MongoDB."
/api/documents/{id},MongoDB,content-service,8091,services/content-service,DocumentController.java,DELETE,"mvn clean install -pl services/content-service","Deletes a vehicle document from MongoDB by ObjectId."
/api/media,MongoDB,content-service,8091,services/content-service,MediaController.java,GET,"mvn clean install -pl services/content-service","Retrieves all trip media from MongoDB trip_media collection."
/api/media/trip/{tripId},MongoDB,content-service,8091,services/content-service,MediaController.java,GET,"mvn clean install -pl services/content-service","Retrieves media for a specific trip. Used in trip detail pages for multimedia content."
/api/media,MongoDB,content-service,8091,services/content-service,MediaController.java,POST,"mvn clean install -pl services/content-service","Uploads trip media (image/video metadata). Stores in MongoDB trip_media collection."
/api/media/{id},MongoDB,content-service,8091,services/content-service,MediaController.java,DELETE,"mvn clean install -pl services/content-service","Deletes trip media from MongoDB by ObjectId."
/api/reports/routes,Oracle,report-service,8092,services/report-service,ReportController.java,GET,"mvn clean install -pl services/report-service","Report 1: Most Frequently Used Routes. Calls PL/SQL report procedure. Returns route + booking count ranked."
/api/reports/revenue?startDate={}&endDate={},Oracle,report-service,8092,services/report-service,ReportController.java,GET,"mvn clean install -pl services/report-service","Report 2: Revenue Within Given Period. Calls PL/SQL function FN_CALCULATE_REVENUE. Returns total revenue, tickets, avg value."
/api/reports/passenger-history/{passengerId},Oracle,report-service,8092,services/report-service,ReportController.java,GET,"mvn clean install -pl services/report-service","Report 3: Passenger Travel History. Uses cursor to iterate through passenger's trips, bookings, payments."
/api/reports/maintenance,Oracle,report-service,8092,services/report-service,ReportController.java,GET,"mvn clean install -pl services/report-service","Report 4: Vehicles Due for Maintenance. Queries MAINTENANCE table for overdue/upcoming records."
/api/reports/trip-performance,Oracle,report-service,8092,services/report-service,ReportController.java,GET,"mvn clean install -pl services/report-service","Report 5: Trip Occupancy & Performance. Calculates occupancy %, revenue per trip. Uses PL/SQL function FN_OCCUPANCY_RATE."
/api/reports/dashboard,Oracle,report-service,8092,services/report-service,ReportController.java,GET,"mvn clean install -pl services/report-service","Dashboard aggregation endpoint. Returns totalVehicles, activeDrivers, todaysTrips, todaysBookings, todaysRevenue, maintenanceDue counts."
